ID,Predict
3110,0.0021841839597070813
887,8.82751891286326e-05
5349,0.0018338200554521083
3385,0.0002827849839459815
2215,0.0033611310611251903
5433,0.0
7160,0.00039294843368364705
1233,0.001199733373638507
102,0.001238162620468101
6076,0.0030309473013507833
3628,0.0035726320168978517
502,6.6205678976018835e-06
3362,0.0018024974700610438
6269,0.004192394361278182
4497,0.0004193946211071879
6103,0.004600008921902673
2740,0.0022578443845824316
6790,0.004131711756059418
6694,0.0006153223427721813
5961,4.978843154763842e-05
6039,0.002134355285418002
5190,0.002880320933272701
6021,0.0014315870748920975
6394,0.0128141314496317
6708,0.0006114191421476692
3509,0.0006491654601212895
4279,0.001528278351972803
374,0.002530622591048188
1232,0.0026209919818532914
6159,0.01114134367582161
5359,0.0029422104829858434
3824,0.0028145633909361285
3849,0.0029053565244362817
1848,0.0009045824800578787
305,0.00120937984039679
5867,0.0003014771458081918
3443,0.0
4460,0.0015499075152848956
6571,0.0
83,0.002756740452934056
3753,0.0038547020353790957
1862,0.0017964699598965368
4533,0.002199001208800516
4093,5.673808130990244e-05
819,0.004969102469984009
564,0.001917970757127912
5550,0.0004014190523351867
6413,0.0
3907,0.0025983542726425485
2060,0.0030370707478827776
718,0.00032598730089886314
39,0.02463823583146566
5011,0.0003360615314212676
669,0.0008675603585114884
2455,0.002406462126126284
7217,0.00023047750511557012
3087,0.002448191471535974
5013,0.00273310137415052
1072,0.001576462978772341
6515,0.0011190492033252264
3918,3.474528386208642e-05
7115,0.0025177569048314688
5052,8.414617768257578e-05
4287,0.0018647552536304342
2024,0.0005176131678318211
3539,2.275752714303683e-05
623,0.0014045439411452323
5752,0.0022766223002031617
5381,0.002824943119305749
13,0.008284900532645096
4678,0.0036531652204336977
1364,0.001927249544143242
5544,0.00043583852819993423
4707,0.0022873689310260003
3330,1.2787420174471755e-05
1765,0.0010237301517867956
1278,0.0029951138596195992
2527,0.0026814026262157327
1062,0.001555059429638217
7146,0.0002482723614394845
5627,0.0005815702664043591
3592,0.003086609628532621
5877,0.0002146204635130646
4065,0.0017528854682909278
552,0.004094943962744189
4580,0.002962886299092742
3501,0.0033311131704077232
4502,0.00039079576347930445
1343,0.0033213206205484048
6520,0.00010088873593683192
4306,0.002434759631457204
4044,0.0001632367047831016
4744,0.002856977546444495
4313,0.0030460687942272927
7207,0.002964254250199849
174,0.0038328805822278856
6979,0.0033509552221664945
4383,0.002729473363725097
7001,0.002592230617330529
395,0.002538494416646669
3987,8.043988342544367e-05
4598,0.004615413216527727
532,0.000889166310702198
3060,0.013522474439676064
5141,8.92064015909917e-05
2528,1.61304878729375e-05
2957,0.0011879627494659746
5503,5.2947333025970664e-05
5743,0.001665271831302445
5548,0.00046232330703045396
2979,0.0009113749178012601
673,0.00033291991486371244
2194,0.0028603830090739484
5911,0.0012121304590411732
6023,0.0025075279913696976
6012,0.0027732900676051965
629,0.0028182032419353472
4135,0.000975754304997429
5832,0.005278257844669435
3519,0.0001069998131174762
4706,0.0008070026085057973
6124,0.002266953591162501
4451,0.0010978125830546845
4074,0.001272365392852696
5036,0.00088984852367803
3843,0.007299886194881904
5181,0.0016858976734333297
802,8.396120262890235e-05
6504,0.003416012738349501
1743,0.0007931477549450959
853,0.0
2812,0.0011901923352961854
2549,5.099157404673985e-05
4670,0.002887465582678537
1587,7.519031706050891e-05
6953,0.0007395061390730883
194,0.002393444693643289
2340,0.0029969514522082577
6389,0.001912803362949055
1101,0.00011498327115305298
4412,0.0037522149048221827
6747,0.0
4322,0.0016011352706717353
426,0.00015082232632676146
7212,0.0012680083413762308
4859,0.0018509673673702519
3292,0.0026374350251890384
5782,0.002789702878652554
1564,0.003110146746889974
320,2.018692676835087e-05
2556,0.002210679120974226
1638,0.0005729854338819098
4853,0.0
2980,0.0007748875151016186
4677,0.002884959812781934
3351,0.003209514296431476
249,0.0076053420156565925
4569,0.0017316410061792237
1905,3.092468586430566e-05
4494,0.0013816973854968782
677,0.0017420032429611718
603,5.842227809346803e-05
2828,0.0017742433481238375
6940,0.003221480027087562
3415,0.0036168763869128405
3754,0.003337205518027214
772,0.0032040582754455137
513,0.00028947858960249657
4431,0.0036211875409460476
323,9.923543570451537e-06
4627,0.0021606055317693355
5924,0.0022270584642753036
1851,0.0009299276330901918
1730,0.0030829374989898555
6781,6.0924356660794636e-05
3972,0.00016263328321373998
6886,0.0001039838484132486
2366,0.0014108552196593382
4442,0.0010653257966606769
4190,0.0029962089575180815
815,0.00021419826119986927
2569,0.0010026429041050033
1923,0.0005869652823765276
2941,0.003865511588659048
4856,0.0007080725475463774
3091,0.0023660672852467064
5123,0.0
6160,0.002808755815687375
2344,0.002958692415127454
5128,0.00021412368428129106
4337,0.0015126346685174132
4609,0.002843309022396362
1677,0.009459877716139703
3255,0.0019832680750106195
5645,0.0028948425513846982
6920,0.003102802341676995
682,0.0010586030271425588
60,0.00032040922322820113
5545,0.0003816100685965496
1004,0.0015333533137825153
3893,0.006053629424947548
5604,0.0015066625567300477
5029,5.777122320519354e-05
3871,0.0023292629941915866
6876,0.00013399666339714524
6055,7.490561812812121e-05
1393,0.00023836397741334642
1464,0.0003520710797346087
937,0.0007636017585525001
5451,0.0022991326435312163
2459,0.002167719921996425
85,0.002980613383552163
4758,1.0325942811265708e-05
6792,0.0024000210971201444
3590,0.0027781059811386403
4151,0.002510770362102023
3595,0.003149112714167925
4987,0.004185066812499335
5003,0.006746680893565691
5244,0.0016622243183639451
4281,8.460734531287618e-06
5063,0.0009602300372683405
5023,0.0006894324940491391
5698,0.002085812518955159
4877,7.1762930360292e-05
490,1.8934717306312555e-05
6653,0.004195565796153355
2175,5.210594876248371e-06
3845,0.00221192755958206
3866,0.0020463848188134173
2919,0.0010370463214179062
4999,0.0005062663766759629
606,6.745615350022486e-06
6282,0.0033185482405886173
1060,0.0012227102646897164
2664,0.005547517112930907
1266,0.0007271575633657582
1132,0.0022734394028355183
6222,0.005272766348058923
2170,0.0008512081740255912
3412,0.004023507215853278
906,0.0023912079621314377
3960,5.3361792956243325e-06
1543,0.0020671349927700914
7203,0.005970044133901107
1958,0.0007340194909082965
4730,0.0012489666666637017
3635,0.0013710189590645525
6316,0.0026182679571814514
5797,0.0024830504099568893
3898,0.0029691392745876395
4377,0.0031187290308154567
6909,0.0016888178408609588
2204,0.0037823497394594567
6731,0.00060828235099
2251,0.0011999703720345783
7218,0.00017538961078253143
437,0.0015839517495230587
4613,0.0021333897516945142
4796,0.002148945147320878
2415,0.0001457711516574562
5731,0.002269769670159821
5876,0.0031220582078376447
5430,0.0014200412254119267
4634,0.001988169890899327
4278,0.0017456198336149864
251,0.0028648070675539985
509,7.517714331229925e-05
475,0.006010249553789107
7197,0.0031120399031074266
4541,0.0005133006263541613
5175,0.00462034302738129
6994,0.0002475388409297732
6254,0.001610649251876544
3746,0.0037402662771459433
3507,0.0006971537677451039
5852,0.0022947695416627493
1341,0.002540840436527396
6559,0.0022103514197760613
3828,0.0006610927739088072
3887,0.0020211836983289088
1384,0.0008434995654681637
4009,0.005869137343995212
1201,0.003030180738053198
2966,0.001541346689480905
3611,0.0026437886835277533
3954,1.3530591020931393e-05
3243,3.5251608354631183e-06
6728,0.0007946611924799586
1933,7.968631858042519e-05
5812,0.0028894309167733366
4686,0.002986439882006557
5484,0.00010123924482110227
4526,0.0035330528136300076
6635,0.0020252792533720903
6528,6.356292545902094e-05
6460,0.0031935634681839044
917,0.001924637653865224
5422,0.0
3924,3.169187360440932e-05
43,0.07222443495954049
4527,0.0026102209611005224
6081,0.0025013594981147156
411,0.003235511355203016
1210,0.0015762703555054524
6016,0.0009942541713992776
530,0.00044322167273581816
1395,0.0009149586244300783
1607,0.0010629451049074378
4629,0.0022046909945688804
5673,0.0035494404788346634
905,0.0010870818690942596
6077,0.0062237199390405935
4217,0.0037467226254652122
4351,0.0028731233194632592
4790,0.0015375104282308787
6532,0.0
681,0.0004628949507834616
5146,0.0
344,0.002466354883827155
1189,0.0049513165273201605
3829,0.007303545024393268
712,3.915375572688729e-05
3357,0.0031030465719820693
4418,0.0021062430648289532
360,0.00247311648148831
4004,0.0029421211101107072
5125,0.0001570019275005068
847,5.767288357385995e-05
1545,1.1236287708800798e-05
1877,0.003806942019497943
2017,0.00033674050258118005
1358,0.0006294801764460777
6434,0.00023852673269492486
1172,0.0018700562867408972
3126,0.0001946746805046874
7267,0.0016485897714074039
196,0.002060412062426466
6225,0.0034857842639459077
436,0.001488651917182097
3213,0.0010278017483220142
4948,0.001381814596106241
4973,0.00010165520970857993
1422,0.0004015764612566541
6711,0.000671604092764245
6732,0.0009086095848695018
6609,9.153718868053123e-05
3071,0.0016971879378084832
3462,0.002520262240085171
5893,0.0019366707283793362
4895,0.0001283853249313608
616,0.0019987555581393794
6451,0.0032218409392971515
3524,0.00010962427317899867
3054,8.127210115298158e-05
5716,0.0037507564899593644
2054,0.0005139199980602235
5898,0.0011156826663609055
1720,0.006406450673408282
4621,0.00046402374737452044
4067,0.00017320610326578
890,0.0
141,0.001479113639042129
2134,6.269773896262715e-05
5972,0.002090535230055207
944,0.0008049401235215919
3620,0.0034315676396085553
1046,0.0004530725086371043
6786,0.00012177091750735546
641,0.0032136743995431413
4557,0.0019575540128774194
1493,0.0020122057837333976
6499,0.0037390038017362202
6010,0.0028791551325939523
1268,0.0005545221949916332
7025,2.012072434607646e-05
439,0.0015839517495230587
6432,0.002680245970646299
1243,0.0001607777637130729
5675,0.002988753862059539
5596,0.005730133807953421
6533,6.356292545902094e-05
7122,0.001003384624639126
6333,0.003049551130944452
6774,0.00019606543690736956
3832,0.001672363503048669
4304,0.0024911156028657993
2673,0.003976459979186317
1840,0.0004356998309172619
5754,0.0020300445165215087
840,0.0
2227,0.0027831941908261614
1450,5.62316034882785e-05
5828,0.0005009553996078312
650,0.0006473480425319128
2577,0.0001422768145894257
5820,0.00048716020968090533
2612,0.002610404069889178
3227,3.5251608354631183e-06
1572,0.0028722127014912525
3651,0.0016671846823380493
5678,0.002420001566831113
2895,0.0025912808393611436
965,0.0006014822110141473
7292,0.0007938282844588602
550,0.001274330311753324
2416,0.0
7201,0.003114361689040034
4542,0.0017888848449581145
4473,0.002427557671926055
6628,0.0016058349742990442
3141,0.0011770079001663255
7178,0.0011278008100429314
2063,0.002883500608868072
2479,0.0036736851951166445
3494,0.0006008248443488049
4840,5.7525755595486565e-05
1131,0.001807531242556333
6005,0.001270983214988774
5802,0.0024830504099568893
4934,6.034092623321768e-06
5817,0.00048716020968090533
788,3.440099601891261e-05
1451,0.004869931223241254
4693,0.002755894198489616
2751,6.264285530445083e-05
4716,0.00035219954125489256
1012,0.0018491672295921904
7064,0.0008931099958947096
161,0.0013946023857830164
896,0.0
1547,0.002712065809741687
5392,0.0016491268688051733
770,0.0029718092231513678
1342,0.002532956572396106
2349,0.002045128955817852
3581,0.0018850788438187827
5000,0.0005246706233758291
883,4.337947881055479e-05
3328,0.0
1549,0.004179102595038025
6542,0.0017340730580173555
6408,0.0
4142,0.002270599923367738
639,0.0034649533596374468
1902,0.005419298748621241
1410,0.0006384786821448073
22,0.0029306143022750654
1005,0.002175820348820356
3297,0.0032107488039179776
325,9.325575451171286e-05
4049,0.0017106226495813338
5037,0.0007780939595151263
5082,0.004077393868466252
2987,0.000779837047010556
680,0.00030532228425290557
927,0.0009742219084386265
3988,0.0001929596411052225
1155,3.4333180923069134e-05
5374,0.002647382148052476
5059,0.001270578036367557
3888,0.002799565501715591
4030,0.004040980197901539
2629,0.002376145556111312
6991,0.000723239558896695
1831,0.00018316311740103374
3193,0.0008612036705666627
6376,0.0024528566450889894
3781,0.0014308777794258857
5379,0.0010972555089908572
6484,0.0033352087429832636
5090,0.00842896662408922
4834,1.1614401858304299e-05
1261,0.0012271534971809179
3530,0.00010655787197118034
3639,0.001311129115797575
5112,0.00203373942912917
1237,0.002586724471377826
4486,0.002417513041495815
769,0.0029718092231513678
6651,0.002150047470813644
989,0.0
6540,6.356292545902094e-05
4288,0.002062488645303957
1439,0.0004794447929892746
5184,0.0014629248620766035
2753,6.0217237516954756e-05
3218,2.941255561448407e-05
535,0.0012953722974090157
1561,0.0027407221368412247
1724,0.0025632150689392356
5849,0.0027896072767336507
2802,8.435473977353518e-05
5983,1.3370882713404845e-05
2917,0.000509562164265087
2429,0.0006688111519557366
448,0.0025872809236776578
4898,0.00012815554273540837
2685,0.0006055455906831275
3833,0.004450430294664788
1138,0.002035632455217754
4312,0.002038756898621322
5091,0.0026277603552021796
4774,8.109671687431559e-06
4,0.0015410229382458516
5465,0.0017986496041210232
1403,0.0006591272278081537
3447,0.0029051694500238437
7094,0.00048012245593453154
2472,0.0018478165944016574
4292,0.001236576034982697
1180,0.00012327221239787165
1491,0.001858690861866856
2547,1.7132664986072424e-05
993,0.0
4952,0.0012483610582961426
1286,0.0020805842811255
6751,0.004527472775343017
5655,0.003183850645684057
2071,0.00045131722512400046
224,0.001524061944910625
2777,0.0013670151621862042
3670,0.001413248545773339
886,3.331806978509922e-05
4618,0.0006720742729787887
375,0.0035795880958027384
2907,0.00018864971191621813
6301,0.00376115874091255
2101,0.000989234865702475
1679,5.216370703581009e-05
7220,0.0
561,0.0020082837016705338
1574,0.0013106960046475006
4202,0.0036763141230516756
2142,6.919707409964806e-05
2389,0.0002722174185392211
4496,0.0010961399170588998
2378,0.000347914217812952
1762,0.004549717911922201
2900,0.0007793312427161849
3108,0.0026407517914996755
3750,0.0037320924936811357
474,0.0012076866013954034
6302,0.002672322808268979
6272,0.002790011451000028
44,0.037053500757776275
5292,9.98794745797503e-05
5157,0.0018305148227117608
6321,0.0010481152151464118
1279,0.0010740672574684129
4148,0.0022449204445352078
6386,0.0027504758539804897
3313,0.004487620815826664
3655,0.0054689844652933365
6899,0.0024303433720362067
368,0.003159490839146381
6715,0.0008898232840951225
5863,0.00035752136616265566
5646,0.002385551622950022
5707,0.003649724938928164
3480,0.00026882504918914764
3002,0.0024165682240735497
336,3.238996439501122e-05
1996,0.001951552991582148
5212,0.0020420676652187254
7185,0.0011678932008595407
676,0.00036084128127645957
5304,0.00012672592054255804
6167,0.0028287554919164916
5705,0.003576181429263106
35,0.15304235042985218
4344,0.0027775564183105585
5738,0.0008057864858028494
463,0.002319748757830188
6108,0.003952615887475461
2492,0.002573638611323661
1968,0.0023713761861162952
5579,0.004474285903826975
6101,0.0033908336774725713
6780,9.437482791108802e-05
4456,0.0038312033524427144
3352,0.0032357023397485253
4399,0.0014731598222302443
5473,0.011808276586002546
6549,8.155655341598688e-05
1736,0.0021947929157357417
5598,0.0032252777536598927
453,0.0016039425461149255
4017,0.00532768767874265
6125,0.0011129690821113658
5284,0.0003932654815896843
7260,0.0022713565669188474
4574,0.0012321671853246696
3423,0.0
2542,0.0007538402565805995
4023,0.002559335897693376
1771,0.0009205175837536493
6480,0.0038084806277249063
5309,0.0005112167370059123
1288,0.0018765941794211764
2270,2.2850270478451207e-05
2179,3.114695173216311e-05
1330,0.005056530164484194
4149,0.0023140867792505347
414,0.00018583755562613292
2313,0.0028895281266211096
6445,0.0005976579142764992
945,0.0007679564479808124
5502,0.00015926893160444615
4062,0.00184616467465844
4478,0.0021106734135087567
2639,0.001977401145622218
3160,0.002739245680720084
2069,0.0004957719840430306
5810,0.00304656880526842
3807,0.0032038928782070456
5290,0.0004891470650714642
4593,0.004668764620463978
4125,9.086977344737784e-05
1204,0.004162907273545294
3786,0.0014191545312809326
1430,0.000494930357521518
2151,0.0012901035170019585
5398,0.0018563052466281185
1496,0.00114290262607441
6251,0.002074948056597997
4886,0.0
4534,0.005540655647036145
1629,0.0009640169520104169
1452,0.0008766214568223499
868,1.5019810267644163e-05
3680,0.00020172742558220575
5599,0.002919166503099978
930,0.0014394211209107358
1068,0.00273473399174827
3968,7.251440607624779e-05
2808,0.0017751750663091222
2878,0.002759225811503708
1407,0.0006840152942825441
1566,0.0018809441495897922
7283,0.0002805831678186749
5534,0.0001427904978924366
1770,0.003481489992163282
3761,0.00394955925507461
1817,0.0012857719862551652
6580,0.0
258,0.002232926200152067
1738,0.0026588460567992726
3420,8.130742336775348e-06
2108,0.0009568364803781573
5597,0.0032411289669979503
6495,0.003432963635696151
6199,0.00097837767725859
695,0.0
4818,0.002545521776634074
1455,0.0025042039275262364
3852,0.0021684645389040773
4798,0.0002385240333440719
4078,0.003411998164060895
4842,0.0014577212632761263
4666,0.0007580519751546391
1429,0.0005983219912975911
747,0.0009160370435103139
2147,0.00027626704409490304
3908,0.007492061146006631
4894,0.0005196615809423545
3831,0.00010619709364254534
1223,0.0005184081813254637
3231,1.0493801950445696e-05
2199,0.003602855701457821
1978,0.00290176480386803
1415,0.0007299239113374629
6024,0.001335649124741575
164,0.0038674170426600853
5960,6.05352704144387e-05
4871,0.002683538225360554
5837,0.0013119400110674431
4372,0.003268279911365279
162,0.0013825640208171756
1147,2.2493892788562656e-05
582,0.00327478337986797
2596,0.002504380311177574
4626,0.0011409972647010427
2992,0.0016931227664065092
2460,0.00403003783193459
3673,0.0018287316647740116
3654,0.0013693302667895206
1835,0.0012039217139938076
926,0.0006496836855435094
6337,0.002492675257256618
2973,0.00048824322745074305
7143,0.0006169472162036599
6800,0.002272634024168988
3046,0.00020566145477319035
3986,0.00014062175072234755
433,0.00016787703881450693
6762,0.0
1860,0.00020816421883205558
728,0.0010533350400534504
306,0.0014097652478696943
630,0.002451779385349491
4893,0.00022979006842557505
6265,0.0019731783914198105
4173,0.0007144423080634104
519,0.00025408891850211223
6513,0.00011049485168446968
6491,0.0035072109646086375
6529,0.0011716240546783446
6148,0.002274891598364121
2087,0.00022889834812037172
888,2.3432462489848666e-05
3467,0.00030928236422162847
1273,0.0024745637620730695
2847,0.0017494240747913412
4766,6.898929834577288e-05
4927,0.0009780573682003023
6355,0.006417216548077118
3224,2.941255561448407e-05
2974,0.0004887304286571888
3820,0.0023999399923662406
2921,0.0011884545917578858
5751,0.0009943335340053365
1993,0.0012699794329671555
3930,0.0
6439,0.0004265041847955589
923,0.0006893003859163203
4326,0.0032380999038780904
2909,0.0007335475342655126
3128,0.002982028485100257
6324,0.0014562449216515138
3364,0.0035948757110401126
1874,0.003502383505752337
2842,0.002409635671423388
4246,0.0008218274132973999
3016,0.002659738549890602
3204,0.0008192417603436495
5071,0.0036390758416077005
6396,0.00216526470027571
799,0.003795519141267319
3580,0.0014737895106707243
3791,0.002518135112905764
6332,0.0012076323062359044
921,0.0008332989698297896
6675,0.0002081508751180393
6798,0.002917139833246271
5009,0.0003551226536569159
3885,0.002950572453723467
6290,0.0034412672396572455
1557,0.0041798327816381115
3978,0.0005783391516364885
2692,0.0005542262473148994
3220,3.3794676561022194e-05
5699,0.0038398248104241682
238,0.0022715932038918953
3518,5.631469895122619e-05
7111,0.0001301431468047894
1073,0.0014091179659621333
4984,0.0020539260998791923
3585,0.0019636394053315037
4988,0.004185066812499335
6401,0.0025203866249327174
6115,0.0021125670740396204
1235,0.001092274736562338
2081,0.0011069369991049962
376,0.0034499811803109554
5883,0.0003376160386428241
7088,0.0032494377066170674
4547,0.0005995586500788999
6770,0.00015057989759357246
2511,0.00026403245520363963
6003,0.0009785212327411818
3704,0.002083732646812413
6438,0.0063449908536881115
2625,0.0005991195416078399
1559,0.002262814696226249
6727,0.0007517960361703983
1397,0.0006588687835444683
5134,2.637425873281494e-05
1054,0.0030739315702672976
4768,3.261578604044357e-06
4981,0.002564305268885626
1196,0.000860788801970719
1264,0.0006354877019124003
2413,0.0001744047308876832
5524,0.0009700864323664434
2383,0.0010004443678351506
6247,0.0016700930995930802
1034,0.00028119979755813107
1212,0.0015250050871471173
1744,0.0007931477549450959
5054,0.00029514023287788527
4603,0.0025113231833802144
1896,0.0017804753738578242
1220,0.0005249772561263612
2007,0.0006095830658616187
5742,0.0016715270056291422
583,0.003091255115348882
6570,0.0
51,0.000153066324476989
789,0.004835881928293403
1975,0.002734405380681175
4922,0.001922021052793561
1242,0.00015564907396041158
4361,0.002356192706408983
6366,0.0007960322593948735
5203,0.0007229649072430285
3964,0.001649512239814926
867,0.0
1605,0.0015664387910066546
5833,0.005592410655863807
6662,0.0002081508751180393
3822,0.004613665024663106
568,0.0031324418503485925
5733,0.0008048948713257524
5278,0.003304386875777695
81,0.0024718542011563775
3230,3.5251608354631183e-06
6928,0.00028680586581708123
1852,0.0029520516609996697
608,6.745615350022486e-06
5507,0.00010537622986503215
5326,0.003069094784908577
2786,0.0006645980824970729
5129,0.0
4100,0.00015695020777810908
3244,0.001731068167555432
1617,0.003555945530495607
5367,0.010948803259911676
1437,0.00045970879592743596
5951,2.1385799828913605e-06
4305,0.006613867767274429
3118,0.00016439115989729788
2879,0.0032355718984367733
256,0.0024884744521365765
860,2.1711931316952796e-05
6071,0.0014256325038829543
6910,0.0017267966400638705
5887,0.00023998616756677749
1652,0.001042348362526243
6255,0.001950912066364996
911,0.005781099786784488
4500,0.0007555485975468244
5415,0.00018859092799587514
6698,0.0006925929044210598
2716,0.0001670796249578577
6137,0.0005739248731729048
4751,0.003209032893735086
1246,0.0014286591551684281
3195,0.0010476898367699342
3145,0.0010244625844272055
7254,0.001619837418338657
4438,0.0013140106492686937
7062,0.000767988169176147
5201,0.002817719093896861
6545,5.076364428556814e-05
5457,0.002818816980057241
2229,0.0026979142137735232
5411,0.0
753,0.003589213321333667
5006,0.00038738079125473317
7246,0.002508641178287274
3892,0.0031049299359496916
5517,0.00047256257132047936
6218,0.0007255205506738197
6149,0.003148711747525615
3859,0.0029194222978057593
4087,0.001458682695533209
4735,0.003042394577223578
4584,0.001302345701686853
5697,0.002983148167083165
3065,0.000711883547986886
3374,0.0009407126333328959
2307,0.0036010129611619337
4862,0.0010451036993173889
3868,0.002267396608075334
4291,0.003962963860518188
1258,0.0005881099869883671
3433,2.3295394228386145e-05
4420,0.002843042371829756
4079,0.0022863065387254697
3510,0.0006440959079870234
5159,0.0004720708537678453
1591,0.0092164077810389
3532,0.001163277932866016
3315,0.0010631040706075147
3693,0.0014505650584929722
2717,0.00022198560543267997
5522,0.0001390422914970569
4289,0.0016993315094121862
2517,0.00017125327978832706
3503,0.0035014215377640757
1535,0.0014482284532302667
133,0.0012265616501784865
4688,0.002192590315925284
3324,9.777258820683645e-05
6685,4.299901677496383e-05
1842,0.001341238256947542
3274,0.0022719751570608017
3489,0.0001732136279283974
1609,0.0004493645147944976
6447,0.0018983784128079823
438,0.002719300637263298
329,0.00013791318622594925
2125,0.00010850017646798113
4605,0.0028543600093090585
3594,0.0027360364575160696
2083,3.447500068762297e-05
975,0.00010713493969344843
5840,0.0014151687886410139
4411,0.0020402194581299942
4360,0.0026938205949735665
178,0.0035954987993935157
1710,0.0020708259920629852
5657,0.00513882123222451
1127,0.0024595693584195544
5691,0.0034001351254532397
5065,0.00015167782440724423
3663,0.0018837725851339085
3111,0.003236573930382623
4604,0.002761023692641969
2211,0.0028566409081760753
5233,0.003051242711242065
1104,0.002425811452021781
1636,0.0004657018726240518
3827,0.0017421874559475218
941,0.0007955398295941509
2003,0.0005308405080431882
898,0.0005546615404065309
6871,0.002543205603735525
2956,0.0016132380612985892
30,0.09326521433944293
4849,0.0
4138,0.0025005126245195627
6717,0.0006794454467451859
2746,0.00013908197058501965
4511,0.0033565881625586633
1834,0.0023670905425162434
1808,0.002394235918308824
3461,0.0021431112629870307
1190,0.004973738230549916
6995,0.0024657975219230135
1941,0.00026926104142364785
5101,0.0017665448139143481
6722,0.0008710028110518139
2688,0.000678130999293883
494,3.490004675138739e-05
1035,0.001606674474438993
2404,0.0001612928731082075
4263,0.0004416699997092996
347,0.002649399730604741
3267,0.002117297583974589
6151,0.002363103133324865
6810,0.0025735247702170297
4830,0.0024932353372902863
219,0.00027495348485120577
7230,0.0
3656,0.00028760705267312416
5364,0.003319545583957791
6814,0.0035886034245805444
1804,0.0013531825015463976
822,0.0026436985671107324
5505,5.545312421534e-05
3550,0.001939731409868773
5099,0.003952887682570865
824,0.0001459910185097177
3378,0.001188472344899108
6322,0.002052548900111747
6913,0.004479989643129135
4027,0.0010360581338172282
1585,0.005837373678301881
3104,0.002745292633481041
1329,0.0007610648898433831
1779,0.0017408506822481874
1378,0.0006664185623711913
4944,0.0034844816471352093
805,0.003466706744435414
3886,0.002479810086842204
4264,0.003490833249875393
4985,0.003015381973414725
331,0.0001264422640528263
5383,0.0008994647937946145
2700,7.268706822703537e-05
2029,0.0062335833618587634
6051,7.490561812812121e-05
3001,0.002981264120449139
2844,0.002450885485778856
3004,0.001586537123817683
7116,0.001134134259921793
454,0.002898941871163459
6363,0.004367257014709121
6014,0.0015226447595249727
3610,0.0031020049093062455
1157,0.0
111,0.0015180282307414427
3692,0.002101297496499298
5151,0.002339627744530081
379,0.0032430831535486698
2474,0.0003301932061161094
4334,0.0028910750696800195
7293,0.0007938282844588602
3,0.0018676232786260217
5847,0.0022789487378413065
5611,0.001478763313745534
544,0.001073489244811504
6652,0.0024372822540984756
73,0.0033844380905022993
5370,0.0026458799382936982
5719,0.003688531302937046
2002,0.00010612093797095315
5417,2.4784710462984937e-05
6641,0.0022818137214416696
6806,0.0017989012665953544
593,0.0014398348038295475
2790,0.00012139766745820346
2605,0.0004131718837172555
5762,0.0023880392840921493
1474,0.0017315027163836013
1445,0.0002942606309936006
4607,0.0032336409684551285
1847,0.00016300313310005582
3153,0.0011236003826390409
1057,0.001589748636142646
6436,0.00035142529687093554
1731,0.002640775370235776
5700,0.0033749836551100797
4851,0.00041046500449521143
2606,0.0005747498554241464
5768,0.0020152095861470003
2645,0.0015324411446763118
4912,0.0010096170133422262
2729,0.00011040480890020312
3751,0.0033904116384428575
2656,0.00459137686196071
247,0.0022282575886727963
6696,0.0006947664817544869
6615,0.0021325599451765508
2297,0.005034723358754071
3416,0.0029863243068393346
1716,0.0031118449912892147
5783,0.0017888456011081492
5997,0.00011925761534248839
5516,0.0016840093391150576
3636,0.001260210693491891
558,0.0025017513988371968
5025,0.0006147562023133195
4119,0.001242855273760989
4869,0.003026815706893561
237,0.003612287304086077
2920,0.000986800778903226
2258,0.0017225904041921177
851,6.61758623542063e-06
3270,0.0021535718385183606
1315,0.001731624173725402
670,0.0003019716921193056
6203,0.0019020659662427075
6387,0.0038988257965580655
1732,0.001514914641658888
6242,0.0031612460472646114
6006,0.0017749679962055394
874,5.449162759465042e-06
5807,0.0030992958066604183
1065,0.0013911085352112942
4071,0.0014798801999722012
4144,0.0025898136015219926
6471,0.003047187914972861
2343,0.002078320234477301
4365,0.003159475785248591
5842,0.0011146722371112785
6173,0.003839702316118709
7221,5.470459518599562e-06
3086,0.004120809866064669
3428,8.130742336775348e-06
5260,0.0016904789273173423
3862,0.002032432237898407
543,0.002600657791212107
5663,0.0038316564980988453
3584,0.002485442926259952
1973,0.002964759340689307
808,0.00028487136198920057
1485,0.0020157490389442288
6956,0.0008196273496847726
1658,0.002156022132663015
5711,0.002992258737215799
4565,0.0013262528689983771
605,0.001056422162245494
1177,0.0016050212560598494
1662,0.0012847632406501315
134,0.0030340965124721103
581,0.004645873226494232
3162,0.0022605126503327543
1044,0.002507680998845572
5060,0.001431162523507433
2206,0.0007256000051529345
6527,8.939684861967556e-05
2045,0.0011062928971167323
6404,0.0030449916503491924
4016,0.0026741545903096915
332,5.0376395086352374e-05
5652,0.002370800762268348
6813,0.003132013281719589
6799,0.0010610561383263789
4299,6.227551545481275e-05
4811,0.001988991861295348
4437,0.0009164253168452617
5850,0.002739000917948184
5395,0.001491267763250288
6493,0.003712318120622535
1074,0.0012947066431733512
4930,0.003342656092818373
5439,0.0019207931165007763
4219,0.003700280613188522
3206,0.0007527237885976122
3363,0.0032836814065148553
139,0.0029449558303794258
5368,0.002434999559166355
7147,0.0004810315455020358
4108,0.0018102451318036126
462,0.0027712491815052092
2785,0.0006563784710173288
4498,0.0021977222667761073
2825,0.0027144009843949705
5291,9.025658078189003e-05
5608,0.0018116169577244527
214,0.0002801027853051041
1916,0.00017823127563817474
3371,0.0002577051607137682
1650,0.000669813325080994
5525,0.0025326127279976063
409,0.0014559076309942677
5758,0.0038203964753244835
2231,0.0029150093448274176
6138,0.0016326941989423663
3148,0.0010978999057665157
4718,0.0004132680112118285
5811,0.0026756738483281433
1616,0.0008052929323538444
3402,0.0038283276346791316
3847,0.003003478628491607
1307,0.0021913265422813188
6519,7.932768271517936e-05
929,0.0033845847698784418
95,0.002172959704836712
5681,0.00246776973978899
1695,6.0212686973050276e-05
2905,0.0003642855385190548
6078,0.0019778670411015106
6334,0.003049551130944452
2865,0.003649834882591709
7070,0.002709413852703603
6788,0.0014478031582361294
6901,0.0030774045695824625
4014,0.0020583548310869264
6274,0.003357950503056353
793,0.00016253057302036817
5836,0.0017965805333080907
5481,0.005735347548578708
1277,0.0008712251029839587
1250,0.0003943255817298499
3259,0.002981096512513599
1918,0.00018993798840350436
1184,0.0009219130500759121
2159,0.00027626704409490304
4804,0.0
5344,0.002572790929896852
524,0.002108484454370164
5083,0.0015374424656801186
6574,0.008678074921093803
679,0.0004936364882400242
994,0.00010902816032256746
6555,0.00020086898775193595
6345,0.003282596264391765
4441,0.0014713867554710478
1653,0.004154012726709208
4737,0.0029357115527823582
2195,0.0037711367006913895
4154,0.0024650701388666913
919,0.0014873919922799412
6353,0.0023366262341262354
321,4.639015357518908e-05
3114,3.106990948319265e-05
3758,0.004218894161189388
2945,0.0025325094713965005
2598,9.957363027979925e-05
2620,0.0021976616118549266
6075,0.0031358712052564418
5689,0.007364389582374597
199,0.0018433408608072787
7136,0.00041196222544818273
6669,0.0002081508751180393
5034,0.00026437272549014585
2534,0.004960398532605377
2133,0.0020510905243770364
1863,0.00038097181020918525
1314,0.002002479920948905
651,0.0013235257745058742
6233,0.0020488159919917408
1761,0.003267720236277548
1310,0.002096264248084515
3152,0.0026468251470976646
1769,0.0031800382683135077
5390,0.0028361423369523296
5943,0.007102091270054707
5562,0.0036072945569279756
5363,0.0025864368944581704
326,9.325575451171286e-05
5896,5.197834543514525e-05
631,0.003859463513388968
4389,0.0035754976250791134
4426,0.004788792547421166
2683,0.0008179724635212723
4402,0.0031277861160173216
5335,0.0018260813153190018
4405,0.007788265803468499
4308,0.002077357452004759
6088,0.0011911728580138127
250,0.0069495609001826355
7250,0.00107761775994381
2115,0.0009859589055405845
4684,0.003432714578400276
285,0.003575669206181597
6632,0.002141543664939219
7194,0.0028136894327366155
889,0.0
3529,0.0002838088556846541
6249,0.0015590289013456217
371,0.0032087322447731876
3045,0.0002701410015230487
2775,0.0006654131734891819
2877,0.002272774693636097
6303,0.003516978959684349
3983,1.127224869181172e-05
1436,0.0026157783153935403
7149,0.00045764125898589155
3390,0.005286410491256509
481,0.0030864504354081953
662,0.0013986584567533102
1447,0.0013784591129268485
2796,0.00015886290081327931
6730,0.0010426057950416842
4904,0.00033255326770730606
2339,0.0028346070752890266
3998,0.002775049691928077
1822,0.0014058703151154754
177,0.003500850774228392
611,0.0
3332,0.0001631333695260188
6850,0.0005582306967487039
204,0.0020401110156465863
5400,0.0025893363154618244
5958,1.3567842231395832e-05
484,0.0005158430174716428
1741,0.002112900280708342
3784,0.0007720337773242279
2205,0.0011160878114669188
3076,0.0008338387422293625
6878,1.671758468074663e-05
4662,0.002793774209092333
1728,0.00469132460425388
7148,0.0004810315455020358
2233,0.00038164488700208744
2969,0.000411437046820262
4228,1.0611923287979625e-05
6061,0.001514165001614749
859,5.429786720032247e-05
5984,0.0003451244303373568
3355,0.003693289426357851
6086,0.002936954190982971
6262,0.0018939910793812282
2178,0.0
2846,0.0033054214715448143
3631,0.0035680024798291424
5553,0.002443585024871438
694,0.00011442884404654842
4801,0.0
6622,0.001820670427981869
7047,0.0004415672813279162
4188,0.0006055040677596093
4053,0.003977202279389662
2962,0.004690170660435993
2334,0.0020803704803094643
6362,0.0029715762361641517
6237,0.0021583074548340263
6935,0.0004026131651850707
2213,0.0034752867449117527
5745,0.000493457612417568
6309,0.0035910454728455125
3286,0.002445788161899224
5372,0.0028969319680794093
6778,0.00011383440957084753
1944,0.0001309379086618925
2564,0.0034694713161258577
6612,0.002740603160064192
6091,0.002772272562696499
1760,0.0011709208632466792
2287,0.004534776179187676
3030,3.0127178005779602e-05
7043,6.70690811535882e-06
2096,0.0011550967384783145
7249,0.0009851267870089994
4617,0.0008642703426149319
5160,0.00026153469673928867
1224,0.0004015769996527953
27,0.06657122213536497
3684,0.0004975048485924181
6252,0.0021100894934652126
5671,0.00614530010160958
6828,0.003013040500628298
858,2.7074161583701702e-05
818,0.00019486439137171091
6143,0.002894794216709521
5539,2.921643243339258e-05
4900,0.000374766570489486
1953,0.0017366459580470974
4458,0.0012221186305331586
2494,0.0029760360168379968
59,0.0011487898454063858
5174,0.0008182353632590546
987,8.259276669407666e-05
948,0.0023589937517223664
42,0.13795795437564337
5124,0.0
3025,0.0008379052200290494
4021,0.004428036713215019
1110,0.0011161215669026746
4752,0.003282585864253269
443,0.0023364259587189424
4874,0.003186809234693431
46,0.029216083880681403
5198,0.0006273836443909249
852,1.3083478705318947e-05
3999,0.0026978455191412317
1971,0.002734405380681175
267,0.0021762849563791748
6796,0.002204459942720478
6374,0.00126475311342359
531,0.0014409019713050814
1369,0.00022155067981037189
3245,0.0013669861892471034
1982,0.001138789253414192
2573,0.001065082363571239
4829,0.0024504735709960563
2899,0.00012805092051109792
1928,0.0008147754627514939
1827,2.111593221073466e-05
2154,0.00022853112683422953
4121,0.0015471988634211677
700,0.00046049233186843286
2539,8.20865014265658e-05
5617,0.001459114428503147
5730,0.0005974764445096378
5079,0.0010196423926475623
296,0.001612842836312735
6145,0.004395581220661902
4066,0.0034250321909120134
4020,0.002620352063748997
6623,0.0030535581068007428
175,0.003394566271179735
5552,0.0004263960026878953
3496,0.0011678543392274758
730,0.001388167677457352
3037,3.241885467741444e-05
6288,0.0034638478437256166
6307,0.002765920370909873
6801,0.002737852638228256
6569,0.0
7113,0.003113384188257908
1013,0.0022403820204870387
3606,0.0028154298974284305
2120,0.0014103386400287888
4237,0.0005210518304924373
1240,0.0002697940947637553
7204,0.00266151842206412
3312,0.0030033046009021016
6164,0.0026706330203989425
5423,0.0
2197,0.0035862003065030698
7044,0.0007800617109633556
4761,9.391319052682468e-05
2550,1.2560409187234059e-05
3319,0.003130714377464844
2190,0.002917910801983877
4601,0.0008727637617774953
6019,0.0018207100347734518
2942,0.0011474764479680994
6062,0.001178181105517823
1063,0.0015345204306173635
115,0.0009240941292576287
1440,0.0009521744922741614
2765,0.002943989599948086
1733,0.0035518537563008178
2949,0.0021915121103383743
3464,0.0012316074840952491
6139,0.0010809370249615898
3327,0.0004028452384284482
6706,6.4125400783754905e-06
748,0.0032007898082948775
2552,0.00206867022135048
3269,0.0013669861892471034
2968,0.0004823599875041389
1145,0.0005475971567697099
4036,0.002177689134421333
5115,0.0071427250804464975
2954,0.002408580869855995
3138,0.0010977865863803537
6621,0.0022055187735980915
313,2.018692676835087e-05
1182,0.0009274281159533485
7255,0.0010770963598957216
2491,0.002860738939984548
48,0.0030534114354624567
4184,0.001399645869499123
884,6.3435676224308545e-06
3095,0.003417238734013408
2497,0.0020528650054160292
6064,0.0016554196060568848
4646,0.0016565047164363962
1276,0.0012569406165809697
290,0.002632456489057113
3410,0.003071158350492815
7239,4.008337341670675e-06
1967,0.0012797250619665285
5892,0.00013558002035492827
7144,0.0005450216556665352
6522,0.0015501851956317805
4081,0.0020663432281103735
2584,0.0006144537803857858
7126,0.0012062977391096514
5941,0.008657309213769376
3613,0.0036633337851227905
2210,0.0021419326841964305
2793,0.0060786122326921595
6954,0.00032192404253037816
4720,0.0007146492067787737
1025,0.002006153506867484
6182,0.0032810361429918755
5227,0.00047580939558067683
1705,0.0030389613767404107
3048,6.780552200951449e-05
6180,0.005712895680473349
6305,0.0037507532870871023
2703,0.00326732964244597
225,0.00025797816258299255
5314,0.0023675413460182188
1622,0.001757096720764186
1908,0.00010988823925771544
4000,0.002136599561125578
632,0.002290355111159304
3130,0.010886035392400614
5746,0.00125135669746568
1457,0.0007720232647057241
1954,0.0021039309181978753
2289,0.003028299166011461
4347,0.0026666641263148453
6560,0.003195923426897868
2611,0.00022982563160197636
362,0.0027699968702677184
6380,0.0019369101600422423
6772,0.00016697546880867136
5816,0.00048716020968090533
5504,0.0014600459745663613
6219,0.002928220647780478
5693,0.003203878517295008
2960,0.0026327447555402135
1200,0.001650847285466036
6836,0.0004623611315365201
5216,0.00010032206334734817
7262,0.002378983441638595
3334,1.1263375258119016e-05
3471,0.00014838806086825537
5209,0.0016637435765176594
7279,0.00013898813155692946
2302,0.0029173714024394843
94,0.004131323447348695
6825,0.004540454408835541
3996,0.002518165166987656
1367,0.00025417629813604537
1353,0.001927249544143242
3695,0.0018816708052525894
4064,9.779028013502584e-05
3685,0.0015616049372315858
76,0.002856568608899553
2367,0.0020758380899517457
3876,0.004294912986823622
2557,0.0017910003341647606
6561,0.0017495000521562587
3404,0.0035617578545749685
3047,7.971209961474564e-05
3523,1.1164320382295143e-05
3430,0.0001410788456028136
3520,0.0
6132,0.001197589783744235
7051,0.0001777142665337831
4216,0.0036945633966303784
1300,0.0019151652045345023
2958,0.0029774355366853256
2755,0.000147377011839159
319,3.238996439501122e-05
6126,0.0037311065639658862
3760,0.0023607630348655576
4013,0.0046002711679154675
3762,0.0034909421617677987
7269,0.0010382588568459724
2713,0.0017301255373227604
1426,0.0004084037468243424
2160,0.00046270128177161997
1374,0.0008872095324243361
2200,0.0014522324586661475
303,0.0015422063865727607
5307,0.00012672592054255804
4939,0.0007448175813531479
5940,0.0023554098967577524
1915,0.0010335975541862239
4482,0.0023857831545574196
3444,1.8583704009249214e-05
392,0.0017854190977005492
5607,0.001461568787404391
6113,0.004481212305025225
668,0.0016396455121246373
1713,0.0017539214551264167
2893,0.0028652295666323773
5118,0.0027561307034817666
7142,0.0007913266883587804
3459,0.001316802459474514
2006,0.0005809518005229482
4209,0.003746950024560472
2677,0.0006273566299767116
6523,7.932768271517936e-05
2634,0.001418674805964285
4882,0.0001144012722383217
3741,0.003209480453494259
7041,0.0
1256,0.0006806858848387666
6911,0.0007237523636034772
2784,0.0036735594845535412
444,0.0022497505470625277
3079,0.00022680469249035642
5026,0.0033494833161792
6369,0.0042140987807028655
5085,0.012632514177029028
7130,0.0010428095469677738
1168,1.4813401237103362e-05
1853,0.0017103347349882014
300,0.00048486481112583625
5939,0.002367628457358604
5975,0.0009584816567037251
774,2.6005547850208043e-06
4645,0.0024428871944860804
4570,0.0025977082380934167
5919,0.004865251880387804
4741,0.0025381113586236776
2400,0.0
7273,0.0016754695570380302
777,0.0
4587,0.0022735328854543903
1912,0.003001222168207957
2426,0.002103646574045395
4786,4.408635007271643e-05
221,0.00028583556886786743
1099,0.003915367526345316
2452,0.0020758033256338083
6141,0.00045666028377764527
6229,0.003872365919465438
1651,0.00045739469641146817
4661,0.0024219091690401984
1791,0.005732560502327069
5676,0.0029627527938965344
1448,0.0020666624284934295
981,0.0
2644,0.0013646983140395577
2985,0.000422838663787901
7108,0.0007747916767050216
6583,0.0017190678283537403
2522,0.00010817660354698977
4232,1.0611923287979625e-05
5949,1.6248119736662223e-05
3055,0.001953495146202611
2872,0.00348207833793
6942,0.0061780462501148355
2529,5.084256371571581e-06
2481,0.003333504401349111
3186,0.0007653899817914941
3264,0.0009528869110133675
794,0.0
6575,0.002862024080702896
380,0.004528589652571743
4090,0.0002808452682776231
2305,0.003707901638487738
5588,0.0034025538726139676
5728,0.0007904750803985836
5556,0.0036813961865690835
1805,0.0022758902223417965
1087,0.0029724564791876527
6511,0.0015817641165692448
2093,7.247550572895356e-05
5327,0.0016178709316696548
357,0.002855675655149711
5792,0.0012707170150002035
5173,0.003843427828249887
4630,0.0007343639893933399
1479,0.0019305841123675865
3399,0.002692986959700566
4579,0.001107398293506154
3511,0.0007143169916637591
4979,0.002877051060825603
2333,0.0025035853273725405
4902,0.0001666367506978607
5329,0.002158253052004365
1866,0.010073168059562675
6463,0.002704572695910879
146,0.002756829865432422
6083,0.0005691740847615807
6500,0.003357706632418811
6243,0.004912917529757297
6356,0.0050486862038301135
4685,0.0033432303260761487
6695,0.0004426555150406743
4924,0.00041121374916371263
2559,0.0021366748361454865
5535,0.0023891903042223142
4029,0.0017925266282711738
4897,8.556345962619162e-05
5443,0.0020867508452918435
3234,0.004293621567496287
2691,0.00042612309434051905
7169,0.001293870993693449
5724,0.0005134580171101604
5103,0.0027424559960740305
6397,0.004781658572263254
3839,2.5978518128659796e-05
2515,0.0002009039255970708
5293,0.0006735694830290675
1682,0.0014992131400369643
2818,0.0012560823244437832
4592,0.0025700043115825092
885,8.82751891286326e-05
3724,0.0008256506738415644
3603,0.0034540404395607014
3658,0.0002930949817382112
7265,0.0016654528983260227
2422,0.0025611013063561315
6277,0.002266678924244057
2109,0.0009193806155691913
5343,0.0016764199507833077
4199,0.001967966233302849
738,0.0004173925461631966
647,0.0007961921580166924
246,0.0021114679906154826
4901,0.0001144012722383217
861,0.0
6186,0.0032026808652534924
5566,0.002353611450463823
2091,0.00020248208226974506
1861,0.0028972985310861633
4167,0.0009222183747509165
1077,0.001746871260329088
5471,0.0011605190682847598
3354,0.003199947793837401
6967,0.001685417272876638
5922,0.0017162923412684223
633,0.0031261566462254553
6099,0.0015128728965086663
4692,0.003262883737709671
671,0.0002574431780694438
2538,0.0028986663392511357
3184,0.0008140399235809647
3386,0.00026024056720183396
1560,0.002266207001103537
1501,0.000607502383529607
6327,0.0039541189226442305
4256,0.0
4713,0.0006276715314341054
6120,0.0012682080516256246
5402,0.0010760506024837815
7095,0.0015841168703558044
2235,0.002138071079508401
2994,0.0019732039173331146
696,0.00026396877466221757
2553,0.0027036338066896886
2738,0.0021365104255144413
4468,0.00446231643624613
4983,0.0024807102186079886
5654,0.0029546472868421
782,0.0
5795,0.002578917151492435
1160,3.2353218924692265e-05
7271,0.0016754695570380302
2020,0.00035020473175658643
171,0.004885389007715607
2837,0.002519669799799519
7127,0.000954857599496663
4567,0.001412873631755937
6870,0.00013575453727422302
5449,0.0024120340030758633
5106,0.002955567778563963
737,0.0003546701495444894
5397,0.002438620952976886
1691,0.002824131175512336
1593,6.801532028171833e-05
3476,0.0022618041931813378
7205,0.0029530771304237856
6993,0.0005702761205585857
1686,0.004005733410484454
4513,0.002314487400540667
2630,0.0017328589234671583
2595,0.00023486807798579087
2948,0.0022493766720263443
3456,0.0015108210340571346
5485,0.0014568972594522145
4510,0.0034308319601605223
4890,0.0007651097305872064
3691,0.0016996360205390963
1197,0.002969232017835583
354,0.0029282552482643187
3470,0.00027307657189639057
5274,0.00041764665575809646
2380,0.0002269059848783988
4243,0.00043699130839300364
6165,0.003364557032957474
160,0.001215895689014277
1112,9.313991833168036e-05
6047,7.490561812812121e-05
261,0.002547536509236175
259,0.0028725903454467736
4753,0.007061593346239711
3873,0.0025554453951062216
4386,0.0025457885675054157
5450,0.0022359589342395955
3588,0.0007884776748066129
1773,0.0015111167686327064
5801,0.0024830504099568893
6874,0.00011576938062538971
4046,0.0001668213817915204
1305,0.002300084503001041
5933,0.005206564446794468
6763,0.0001091057571278798
7007,0.002684336435533025
1064,0.0031908881018454017
3299,0.0035733388441539973
5226,0.0030354413653426076
5162,0.0006415850263155801
1394,0.0007871176124511381
2774,0.0007440888621535452
6986,0.001754580874422623
2306,0.0036858732305785047
2042,0.0023055158521952898
6631,0.0023088458636809288
4158,0.002179226171250664
182,0.0031451930510753563
6260,0.001657444119237679
3305,0.0033090369520326745
5045,0.0008729155197356899
4929,0.00033936843374673633
2678,0.0017709435172563982
6758,0.0
7102,2.605715680105537e-05
5416,0.0
6383,0.0033525306260844107
642,0.0020487945907026604
2986,0.00036362159805708704
103,0.001238162620468101
2221,0.003101649695175395
3543,0.0005472818087449118
2888,0.003261614293359188
6716,0.0008544547192700397
3645,0.0014725767654768112
4942,0.0007262165220617597
5165,0.0005088040067299797
2384,0.0006598980852923963
7180,0.002443280844025111
3755,0.0035928506609827007
1144,0.0002832008286874248
6906,0.0016871167387814483
1895,9.793875421154783e-05
4815,0.0018780535475084606
2694,0.0020957438933957196
698,3.915375572688729e-05
97,0.0027980279762604824
982,4.927233805592306e-05
6162,0.002079335890983841
3120,0.00029756407460384713
983,9.396993790568783e-05
1654,0.002022876420368581
3034,0.0002388878111984742
814,0.00023638480343877294
1297,0.002122111982153648
7247,0.002776277865428298
5771,0.002163061369885939
429,0.0002047235804593668
4204,0.003773815767594076
3165,0.0010794274184202795
4610,0.00043011062601636563
2090,0.00022697548387102392
3011,0.0022524132973867367
1962,0.00020536059045159463
2327,0.0010789240756541706
4963,0.0015831464525579695
2240,5.426804825198766e-05
7013,0.003874566251888741
2631,0.0019523622318814507
96,0.0039398514634509775
3975,0.00017256263853552536
707,0.0
3482,0.0001447481939892741
3683,0.0020426612703437234
5929,0.002772757151008235
349,0.0025868201835040224
5936,0.0031320074986958754
4919,0.0004672482262159713
5848,0.0050591359125235335
6476,0.0015134169587492478
6734,0.0037214961190824023
5251,0.0024227041098075753
3492,0.000658649626413394
3424,1.5931814984264377e-05
1463,0.00023763216299801707
3229,3.5251608354631183e-06
1222,0.0010366204681545518
5736,0.002180600961502762
3278,0.0020446818855912904
5308,0.0013317336234983507
144,0.001709546941697602
6915,0.014561118046631766
7241,4.008337341670675e-06
1884,0.0037780807832639416
3043,0.00010925503121107983
4005,0.0011819624973816432
7093,0.0003350851608572527
6693,0.0006371283902241048
1029,0.0007341367907259834
3260,0.0017243094181443798
6348,0.00280061069006962
1205,0.0029552643862989616
339,0.0030016973077024874
931,0.0014379703558251846
4474,0.0028769157452242906
6082,0.0029004579884248267
4198,0.001479001522349145
2574,0.0002862649479294199
4233,0.0005210518304924373
3477,0.0022479820500634993
6619,0.0023308362488679937
2048,0.0032374889582820854
5005,0.0003119263164733888
3605,0.003046812152798345
4943,0.0003591178638626255
2222,0.0032602225822123054
3027,0.0005801502212918001
5436,0.0
2742,0.0003384431946854249
939,0.003294081393589344
6129,0.0019750310303727424
231,0.00033827270980711475
2224,0.003143131630634302
445,0.002554788391203089
6745,0.0014285714285714286
1911,0.0016171729605725374
3710,0.0026456220719613525
2310,0.0010492532851908913
4694,0.0026592477276729115
1387,0.0007588761736987624
2332,0.0047820242474938286
442,0.0016121569218720284
3406,0.0038462629585760853
3458,0.001462452341597718
2283,0.0002354775307590448
3014,0.0025319867394816456
2710,0.0053280257741051135
1312,0.0019117851965710585
551,0.002707605860268061
6123,0.0020344706338529827
6544,0.0012554519058479818
4964,0.00025651590503350264
5615,0.0027545919705715565
5932,0.0023056138083978185
7133,0.0016917566132012571
2816,0.001019869849873047
4525,0.0026198432996749036
1006,0.001735274236226341
899,0.00034705175960694665
6610,0.002200903839155797
622,0.0029057698499154565
689,0.0005132561849828077
1411,0.000695381415471297
2106,0.00116123482992893
407,0.0025621890660624865
3717,0.0008154497066374985
3021,0.0006380646852623124
2672,0.0013420653140820903
6036,0.0021129955412594686
370,0.0031261096012552814
125,0.0006793561921513021
4147,0.0020488659084367047
3137,5.722865115374146e-05
2321,0.0006990209673840328
1966,0.0001432457668594468
3575,0.0019939797864648246
3124,0.0001701066534690384
6459,0.0016092713552874455
5051,2.7021124895374554e-05
5321,0.0031822564713644345
4658,0.0008587971632290554
1354,0.0022185286491708746
5590,0.0007611570543948436
2188,0.002116508581052295
3825,0.00032684401057126355
3622,0.002560617025926795
1749,0.0038989073227072893
6554,0.0009289223460130862
3955,6.96244577524585e-05
1548,0.002712065809741687
215,0.0001950598085371716
843,0.0022308500061676
4933,0.0003085931431014445
660,0.002015330523079251
3249,0.0021535718385183606
3696,0.0012716682442776958
7188,0.0021237835712797815
1248,0.00036803336760293
5266,0.0003790772009243743
2509,0.00020891503743193806
2364,0.0015245040341588473
5776,0.0012834111957337692
4314,0.002293666884969215
3070,0.001017166561236808
4401,0.002901108980444071
904,0.0006634761767028969
4001,0.0031152014934310935
1203,0.0017160639391100155
1594,0.00337149011724369
1814,0.0022712222202063994
2443,0.00387598724182253
584,0.003532541915129236
2657,0.002741536101418078
4425,0.0030616393435130076
1105,0.00012865888392225085
5501,0.002873783471028914
1554,0.002621072007479199
4760,7.06436420722135e-06
3100,0.003083096925440052
7161,0.00034826466836070406
536,0.002093576113657914
3142,0.0010895819262877599
6565,0.0
4958,9.743335108158129e-05
6535,7.687833761865045e-05
657,0.0014771557338633028
6679,0.00036749604441725544
2296,0.0014668194604922054
37,0.22232686357060166
2100,0.0010327847682278894
3176,0.0008976570193492321
4161,8.401797437692435e-05
153,0.001223716335521055
1631,0.0009119043632906787
7158,0.0005082586151333303
2660,0.0025347256717123713
5574,0.004066503005507273
6379,0.003373024271703432
7026,0.0
5978,6.51984931903796e-06
4664,0.002261281421028379
4300,8.460734531287618e-06
2047,0.00042633809118717794
4022,0.0016676519974587606
6388,0.0023685780663867343
5104,0.0025602041449693204
2882,0.002506697805153964
2582,0.0011926065865133866
4008,0.0005122420570306082
3375,0.00023876891322744664
334,5.248838475390187e-05
6114,0.0007379003793376603
6668,0.0002081508751180393
6474,0.003309634434025812
1552,0.0028069117839202413
3857,0.0030190630740537573
4350,0.002295491324452131
3648,0.003658639030307841
358,0.003673942042318657
4653,0.0015718630572244725
4848,0.00030932710692966817
1421,0.0004015764612566541
5425,0.0
4833,0.0
5826,0.0016002175417979643
3190,0.0007989500174001474
1007,0.002931498898402423
1349,0.0021640915915484933
3261,0.0015578661472178523
2665,0.0024549508498879096
5188,0.002880320933272701
4250,3.542644584182092e-06
7152,0.0005527172527000662
4674,0.0026322513317581066
4170,0.000304374493238372
2996,0.0021655915920697775
6830,0.002476396539304528
3453,0.0012974700096418507
3564,0.0037968029799869667
6601,0.0
7074,0.002476290963748291
1904,0.0015185560984244699
6409,7.7780658542909e-06
1708,0.0024102487686152372
3743,0.003503885729344909
1332,0.0036557408151330793
4002,0.0021475107594380273
2025,0.0003141012788684516
2649,0.0019870778580100817
2887,0.0029840935062616005
4063,0.0040159169580037575
2706,0.0006992583494295476
3171,0.0013667729320592577
2099,0.000835901430522746
2157,0.0010720257002874449
1152,0.0
5323,0.002647482426120862
5651,0.0029533414500934317
3623,0.003593425177444629
6518,0.00010088873593683192
4131,0.001314867455705772
3300,0.0032883804741716126
3815,0.00491291718063651
2088,1.1398337750787252e-05
5442,0.002926530542724703
1489,0.007532347392795107
5670,0.004341170557904386
3896,0.0046679954303852755
4440,0.0012514338918116076
2610,0.0005801092891044664
976,0.0
2504,0.0016786240548750581
4307,0.002237593824426036
6384,0.0019481492811480562
5334,0.001629126825397988
3577,0.001466239533632014
4596,0.0012190616680432447
5739,0.002527684783624371
119,0.002169651082085065
3265,0.0007276600107430543
3864,0.002260991708458317
3850,0.0029820996837003834
2342,0.003708101256562784
4105,0.0002265247607349772
383,0.0023791978380149825
2650,0.002897395640620219
5475,0.0032254275861602244
1449,0.0005064602271303496
3211,0.00077334163406753
3770,0.0030747610840951545
4413,0.006605191330981811
4687,0.0036396346001287684
3712,0.0037298924853917054
2624,0.00018945540378670966
4812,0.0006318070956643352
2435,0.0035178210151623826
2741,0.0007948601159523213
4296,2.2940607060281323e-05
909,0.006347286760827905
1675,0.003717931714292261
5630,0.001378418338119656
2881,0.0016266596902862823
5575,0.0033825094075258903
2567,0.004729306976404894
3092,0.0023660672852467064
625,0.000625662686619996
570,0.001910102952619689
2651,0.0013849088835467139
6925,0.0014604618552183297
2228,0.003330811199801746
1979,0.004408753521268812
6339,0.0034131041147452143
5460,0.0010983199450139386
5871,0.00021882923136787072
675,0.0002380952380952381
6937,0.0010999019999114736
6400,0.0029617962307513126
5882,0.00015275188320504912
4711,0.00016733374395574201
1291,0.0020544558591872575
5178,0.001097910548366536
2446,0.00154490388139263
5970,0.003461917722823766
5968,4.643547999824256e-05
1580,0.00012156273745159263
2269,2.2850270478451207e-05
5093,0.0018560531255465231
5024,0.0016368289754486438
1635,0.0007284856640422783
7183,0.0009579785649102355
572,0.0032246788361504717
2926,0.0015007644491696044
5195,0.0018410660173564498
5773,0.0019687519949607283
1949,0.00017491295733161903
4619,0.0006573720156273251
3236,1.4875922896983823e-05
1857,0.0005220033035656826
666,0.000627696342681159
612,0.0
4229,0.0016665819372572977
2915,9.964936364072328e-05
4690,0.0034296683024141916
7252,0.0010196156712064144
5969,7.378502659165198e-05
4310,0.0023567662663087716
2638,0.001039643158674274
52,0.0003400563329322647
876,0.0
6936,0.001058061959950552
3367,0.00019891519211105789
2156,0.0002710532797570511
1481,0.003843924589190885
1117,0.002225114225470881
3326,0.0004302001048124976
2058,0.0004709801614231894
5121,0.00018346679260910817
2571,0.002532037938667839
7182,0.002261122240293328
5786,0.0031872093935974024
4680,0.003053330158513135
6657,0.0020383186441659683
2317,0.0010275444558530762
6853,0.0028356335094424597
1,0.0015656444459664159
4907,0.0001851427719300764
1725,0.0019294335218615363
869,0.0
5865,0.0003119406510852417
864,6.182010046939951e-05
5989,0.0005345959369290401
4551,0.00327444622128032
4970,0.0003607089373176063
5438,0.0013905896063143841
739,0.0035168962353881207
5555,0.003523503763677595
6430,0.0002006166831095195
3022,0.00011444698141105161
4702,0.0034209952525075505
6840,0.0020430599035467538
4665,0.003129158423172751
1767,0.0020556314336166734
7045,6.70690811535882e-06
4515,0.0014048606526068516
6045,7.490561812812121e-05
4577,0.0017500888980592753
7078,0.0019007784416411894
766,0.003144822350965006
5316,0.001571765933075
4726,0.00045065092049540264
1482,0.0019079868250379446
3388,0.0011038187054175585
5261,0.001837643689648843
1461,6.0190765251018374e-05
6961,0.001177339198634
1254,0.00033756577730248156
3121,3.188447026864621e-05
3283,0.001752345040801331
4376,0.003159288813502317
6341,0.0025045112736548445
5193,0.00017113633582300367
6414,0.0
1864,0.0005225807963106821
69,0.0003459390560758581
3098,0.00234665599319969
4755,0.0014818709864505483
7139,0.0024742514528020136
1955,0.00013771957337147976
2835,0.002163583451624171
4419,0.0019073047614206447
1668,0.0017288838417090337
6070,0.0014256325038829543
523,0.0003515209037269703
4333,0.002828831793155119
756,0.003373422298279042
5213,0.0006864976578561369
5197,4.648695575447474e-05
5330,0.0020777534297789554
2143,0.00027626704409490304
5890,0.0003047708088142822
5841,0.0011146722371112785
98,0.0015312918160055272
3282,0.0015808238055899932
6861,0.004005812275163224
6927,0.0006203251805471149
4780,1.4345348289540542e-05
3012,0.00305674507904944
2886,0.002237854587536755
2117,0.0010097234747956311
